tahun,nama_provinsi,nama_kabupaten_kota,nama_kecamatan,nama_kelurahan,jumlah_luas_wilayah_(km2),jumlah_kepadatan_(jiwa_per_km2)
2017,PROVINSI DKI JAKARTA,KAB.ADM.KEP.SERIBU,KEP. SERIBU UTR,P. PANGGANG,0.62,10858.29
2017,PROVINSI DKI JAKARTA,KAB.ADM.KEP.SERIBU,KEP. SERIBU UTR,P. KELAPA,2.58,2712.89
2017,PROVINSI DKI JAKARTA,KAB.ADM.KEP.SERIBU,KEP. SERIBU UTR,P. HARAPAN,2.45,1019.12
2017,PROVINSI DKI JAKARTA,KAB.ADM.KEP.SERIBU,KEP. SERIBU SLT,P. UNTUNG JAWA,1.03,2303.35
2017,PROVINSI DKI JAKARTA,KAB.ADM.KEP.SERIBU,KEP. SERIBU SLT,P. TIDUNG,1.07,5261.93
2017,PROVINSI DKI JAKARTA,KAB.ADM.KEP.SERIBU,KEP. SERIBU SLT,P. PARI,0.95,354.23
2017,PROVINSI DKI JAKARTA,JAKARTA PUSAT,GAMBIR,GAMBIR,2.58,1241.29
2017,PROVINSI DKI JAKARTA,JAKARTA PUSAT,GAMBIR,CIDENG,1.26,1562.35
2017,PROVINSI DKI JAKARTA,JAKARTA PUSAT,GAMBIR,PETOJO UTARA,1.12,19813.13
2017,PROVINSI DKI JAKARTA,JAKARTA PUSAT,GAMBIR,PETOJO SELATAN,1.14,16004.4
2017,PROVINSI DKI JAKARTA,JAKARTA PUSAT,GAMBIR,KEBON KELAPA,0.78,16822.2
2017,PROVINSI DKI JAKARTA,JAKARTA PUSAT,GAMBIR,DURI PULO,0.71,35931.27
2017,PROVINSI DKI JAKARTA,JAKARTA PUSAT,SAWAH BESAR,PASAR BARU,1.89,8521.3
2017,PROVINSI DKI JAKARTA,JAKARTA PUSAT,SAWAH BESAR,KARANG ANYAR,0.51,65788.65
2017,PROVINSI DKI JAKARTA,JAKARTA PUSAT,SAWAH BESAR,KARTINI,0.57,50704.23
2017,PROVINSI DKI JAKARTA,JAKARTA PUSAT,SAWAH BESAR,GUNUNG SAHARI UTARA,1.9,10938.47
2017,PROVINSI DKI JAKARTA,JAKARTA PUSAT,SAWAH BESAR,MANGGA DUA SELATAN,1.29,28317.45
2017,PROVINSI DKI JAKARTA,JAKARTA PUSAT,KEMAYORAN,KEMAYORAN,0.53,49754.52
2017,PROVINSI DKI JAKARTA,JAKARTA PUSAT,KEMAYORAN,KEBON KOSONG,1.16,31065.4
2017,PROVINSI DKI JAKARTA,JAKARTA PUSAT,KEMAYORAN,HARAPAN MULIA,0.53,53491.11
2017,PROVINSI DKI JAKARTA,JAKARTA PUSAT,KEMAYORAN,SERDANG,0.82,45287.61
2017,PROVINSI DKI JAKARTA,JAKARTA PUSAT,KEMAYORAN,GUNUNG SAHARI SELATAN,1.53,15949.71
2017,PROVINSI DKI JAKARTA,JAKARTA PUSAT,KEMAYORAN,CEMPAKA BARU,0.99,41318.84
2017,PROVINSI DKI JAKARTA,JAKARTA PUSAT,KEMAYORAN,SUMUR BATU,1.15,24675.37
2017,PROVINSI DKI JAKARTA,JAKARTA PUSAT,KEMAYORAN,UTAN PANJANG,0.54,68103.66
2017,PROVINSI DKI JAKARTA,JAKARTA PUSAT,SENEN,SENEN,0.81,10851.67
2017,PROVINSI DKI JAKARTA,JAKARTA PUSAT,SENEN,KENARI,0.92,12593.44
2017,PROVINSI DKI JAKARTA,JAKARTA PUSAT,SENEN,PASEBAN,0.71,41036.27
2017,PROVINSI DKI JAKARTA,JAKARTA PUSAT,SENEN,KRAMAT,0.71,5168.54
2017,PROVINSI DKI JAKARTA,JAKARTA PUSAT,SENEN,KWITANG,0.45,42859.6
2017,PROVINSI DKI JAKARTA,JAKARTA PUSAT,SENEN,BUNGUR,0.63,37011.49
2017,PROVINSI DKI JAKARTA,JAKARTA PUSAT,CEMPAKA PUTIH,CEMPAKA PUTIH TIMUR,2.23,1323.46
2017,PROVINSI DKI JAKARTA,JAKARTA PUSAT,CEMPAKA PUTIH,CEMPAKA PUTIH BARAT,1.22,35468.12
2017,PROVINSI DKI JAKARTA,JAKARTA PUSAT,CEMPAKA PUTIH,RAWASARI,1.25,21312.22
2017,PROVINSI DKI JAKARTA,JAKARTA PUSAT,MENTENG,MENTENG,2.44,12996.88
2017,PROVINSI DKI JAKARTA,JAKARTA PUSAT,MENTENG,PEGANGSAAN,0.98,2946.56
2017,PROVINSI DKI JAKARTA,JAKARTA PUSAT,MENTENG,CIKINI,0.82,12533.8
2017,PROVINSI DKI JAKARTA,JAKARTA PUSAT,MENTENG,GONDANGDIA,1.46,3491.98
2017,PROVINSI DKI JAKARTA,JAKARTA PUSAT,MENTENG,KEBON SIRIH,0.83,19182.25
2017,PROVINSI DKI JAKARTA,JAKARTA PUSAT,TANAH ABANG,GELORA,2.59,1585.3
2017,PROVINSI DKI JAKARTA,JAKARTA PUSAT,TANAH ABANG,BENDUNGAN HILIR,1.58,17003.3
2017,PROVINSI DKI JAKARTA,JAKARTA PUSAT,TANAH ABANG,KARET TENGSIN,1.53,1538.3
2017,PROVINSI DKI JAKARTA,JAKARTA PUSAT,TANAH ABANG,PETAMBURAN,0.9,47053.27
2017,PROVINSI DKI JAKARTA,JAKARTA PUSAT,TANAH ABANG,KEBON MELATI,1.26,32813.2
2017,PROVINSI DKI JAKARTA,JAKARTA PUSAT,TANAH ABANG,KEBON KACANG,0.71,37898.59
2017,PROVINSI DKI JAKARTA,JAKARTA PUSAT,TANAH ABANG,KAMPUNG BALI,0.73,20395.1
2017,PROVINSI DKI JAKARTA,JAKARTA PUSAT,JOHAR BARU,JOHAR BARU,1.19,38193.12
2017,PROVINSI DKI JAKARTA,JAKARTA PUSAT,JOHAR BARU,KAMPUNG RAWA,0.3,90292.26
2017,PROVINSI DKI JAKARTA,JAKARTA PUSAT,JOHAR BARU,GALUR,0.26,87935.11
2017,PROVINSI DKI JAKARTA,JAKARTA PUSAT,JOHAR BARU,TANAH TINGGI,0.62,76118.16
2017,PROVINSI DKI JAKARTA,JAKARTA UTARA,PENJARINGAN,PENJARINGAN,3.95,26604.71
2017,PROVINSI DKI JAKARTA,JAKARTA UTARA,PENJARINGAN,KAMAL MUARA,10.53,13.46
2017,PROVINSI DKI JAKARTA,JAKARTA UTARA,PENJARINGAN,KAPUK MUARA,10.06,3872.4
2017,PROVINSI DKI JAKARTA,JAKARTA UTARA,PENJARINGAN,PEJAGALAN,2.23,27297.79
2017,PROVINSI DKI JAKARTA,JAKARTA UTARA,PENJARINGAN,PLUIT,7.71,6794.3
2017,PROVINSI DKI JAKARTA,JAKARTA UTARA,TANJUNG PRIOK,TANJUNG PRIOK,5.54,7594.22
2017,PROVINSI DKI JAKARTA,JAKARTA UTARA,TANJUNG PRIOK,SUNTER JAYA,4.58,15911.12
2017,PROVINSI DKI JAKARTA,JAKARTA UTARA,TANJUNG PRIOK,PAPANGGO,2.8,16623.9
2017,PROVINSI DKI JAKARTA,JAKARTA UTARA,TANJUNG PRIOK,SUNGAI BAMBU,2.36,15173.1
2017,PROVINSI DKI JAKARTA,JAKARTA UTARA,TANJUNG PRIOK,KEBON BAWANG,1.73,35219.46
2017,PROVINSI DKI JAKARTA,JAKARTA UTARA,TANJUNG PRIOK,SUNTER AGUNG,7.02,1188.78
2017,PROVINSI DKI JAKARTA,JAKARTA UTARA,TANJUNG PRIOK,WARAKAS,1.09,49014.15
2017,PROVINSI DKI JAKARTA,JAKARTA UTARA,KOJA,KOJA,3.28,10504.88
2017,PROVINSI DKI JAKARTA,JAKARTA UTARA,KOJA,TUGU UTARA,3.32,24493.98
2017,PROVINSI DKI JAKARTA,JAKARTA UTARA,KOJA,LAGOA,1.58,44808.61
2017,PROVINSI DKI JAKARTA,JAKARTA UTARA,KOJA,RAWA BADAK UTARA,1.33,30827.71
2017,PROVINSI DKI JAKARTA,JAKARTA UTARA,KOJA,TUGU SELATAN,2.68,16891.42
2017,PROVINSI DKI JAKARTA,JAKARTA UTARA,KOJA,RAWA BADAK SELATAN,1.02,48846.68
2017,PROVINSI DKI JAKARTA,JAKARTA UTARA,CILINCING,CILINCING,6.31,8356.44
2017,PROVINSI DKI JAKARTA,JAKARTA UTARA,CILINCING,SUKAPURA,5.61,11632.53
2017,PROVINSI DKI JAKARTA,JAKARTA UTARA,CILINCING,MARUNDA,7.92,3993.99
2017,PROVINSI DKI JAKARTA,JAKARTA UTARA,CILINCING,KALI BARU,2.47,34248.48
2017,PROVINSI DKI JAKARTA,JAKARTA UTARA,CILINCING,SEMPER TIMUR,3.16,13289.26
2017,PROVINSI DKI JAKARTA,JAKARTA UTARA,CILINCING,ROROTAN,10.64,4279.4
2017,PROVINSI DKI JAKARTA,JAKARTA UTARA,CILINCING,SEMPER BARAT,1.59,51127.18
2017,PROVINSI DKI JAKARTA,JAKARTA UTARA,PADEMANGAN,PADEMANGAN TIMUR,2.61,16315.65
2017,PROVINSI DKI JAKARTA,JAKARTA UTARA,PADEMANGAN,PADEMANGAN BARAT,3.53,25422.1
2017,PROVINSI DKI JAKARTA,JAKARTA UTARA,PADEMANGAN,ANCOL,3.77,7652.14
2017,PROVINSI DKI JAKARTA,JAKARTA UTARA,KELAPA GADING,KELAPA GADING TIMUR,5.31,7448.64
2017,PROVINSI DKI JAKARTA,JAKARTA UTARA,KELAPA GADING,PEGANGSAAN DUA,6.28,8931.45
2017,PROVINSI DKI JAKARTA,JAKARTA UTARA,KELAPA GADING,KELAPA GADING BARAT,4.53,8992.54
2017,PROVINSI DKI JAKARTA,JAKARTA BARAT,CENGKARENG,CENGKARENG BARAT,3.61,20685.54
2017,PROVINSI DKI JAKARTA,JAKARTA BARAT,CENGKARENG,DURI KOSAMBI,5.91,14568.2
2017,PROVINSI DKI JAKARTA,JAKARTA BARAT,CENGKARENG,RAWA BUAYA,4.07,17383.14
2017,PROVINSI DKI JAKARTA,JAKARTA BARAT,CENGKARENG,KEDAUNG KALI ANGKE,2.81,13168.3
2017,PROVINSI DKI JAKARTA,JAKARTA BARAT,CENGKARENG,KAPUK,5.63,27369.55
2017,PROVINSI DKI JAKARTA,JAKARTA BARAT,CENGKARENG,CENGKARENG TIMUR,4.52,20064.89
2017,PROVINSI DKI JAKARTA,JAKARTA BARAT,GROGOL PETAMBURAN,GROGOL,1.22,16089.97
2017,PROVINSI DKI JAKARTA,JAKARTA BARAT,GROGOL PETAMBURAN,TANJUNG DUREN UTARA,1.34,14615.15
2017,PROVINSI DKI JAKARTA,JAKARTA BARAT,GROGOL PETAMBURAN,TOMANG,1.88,1802.25
2017,PROVINSI DKI JAKARTA,JAKARTA BARAT,GROGOL PETAMBURAN,JELAMBAR,1.44,23798.71
2017,PROVINSI DKI JAKARTA,JAKARTA BARAT,GROGOL PETAMBURAN,TANJUNG DUREN SELATAN,1.77,15911.25
2017,PROVINSI DKI JAKARTA,JAKARTA BARAT,GROGOL PETAMBURAN,JELAMBAR BARU,0.14,304082.6
2017,PROVINSI DKI JAKARTA,JAKARTA BARAT,GROGOL PETAMBURAN,WIJAYA KUSUMA,2.2,20385.45
2017,PROVINSI DKI JAKARTA,JAKARTA BARAT,TAMAN SARI,TAMAN SARI,0.68,24971.94
2017,PROVINSI DKI JAKARTA,JAKARTA BARAT,TAMAN SARI,KRUKUT,0.55,41024.15
2017,PROVINSI DKI JAKARTA,JAKARTA BARAT,TAMAN SARI,MAPHAR,0.59,3261.61
2017,PROVINSI DKI JAKARTA,JAKARTA BARAT,TAMAN SARI,TANGKI,3.75,4062.72
2017,PROVINSI DKI JAKARTA,JAKARTA BARAT,TAMAN SARI,MANGGA BESAR,0.51,17367.91
2017,PROVINSI DKI JAKARTA,JAKARTA BARAT,TAMAN SARI,KEAGUNGAN,0.32,64568.64
2017,PROVINSI DKI JAKARTA,JAKARTA BARAT,TAMAN SARI,GLODOK,0.38,23257.98
2017,PROVINSI DKI JAKARTA,JAKARTA BARAT,TAMAN SARI,PINANGSIA,0.96,13117.79
2017,PROVINSI DKI JAKARTA,JAKARTA BARAT,TAMBORA,TAMBORA,0.28,43243.91
2017,PROVINSI DKI JAKARTA,JAKARTA BARAT,TAMBORA,KALI ANYAR,0.32,89713.84
2017,PROVINSI DKI JAKARTA,JAKARTA BARAT,TAMBORA,DURI UTARA,0.41,57775.31
2017,PROVINSI DKI JAKARTA,JAKARTA BARAT,TAMBORA,TANAH SEREAL,0.62,49571.22
2017,PROVINSI DKI JAKARTA,JAKARTA BARAT,TAMBORA,KERENDANG,0.33,7115.47
2017,PROVINSI DKI JAKARTA,JAKARTA BARAT,TAMBORA,JEMBATAN BESI,0.55,63332.13
2017,PROVINSI DKI JAKARTA,JAKARTA BARAT,TAMBORA,ANGKE,0.78,44559.71
2017,PROVINSI DKI JAKARTA,JAKARTA BARAT,TAMBORA,JEMBATAN LIMA,0.46,53515.44
2017,PROVINSI DKI JAKARTA,JAKARTA BARAT,TAMBORA,PEKOJAN,0.78,34523.14
2017,PROVINSI DKI JAKARTA,JAKARTA BARAT,TAMBORA,ROA MALAKA,0.53,744.68
2017,PROVINSI DKI JAKARTA,JAKARTA BARAT,TAMBORA,DURI SELATAN,0.34,49346.94
2017,PROVINSI DKI JAKARTA,JAKARTA BARAT,KEBON JERUK,KEBON JERUK,3.69,15967.76
2017,PROVINSI DKI JAKARTA,JAKARTA BARAT,KEBON JERUK,SUKABUMI UTARA,1.57,27857.92
2017,PROVINSI DKI JAKARTA,JAKARTA BARAT,KEBON JERUK,SUKABUMI SELATAN,1.57,27059.54
2017,PROVINSI DKI JAKARTA,JAKARTA BARAT,KEBON JERUK,KELAPA DUA,1.5,17787.83
2017,PROVINSI DKI JAKARTA,JAKARTA BARAT,KEBON JERUK,DURI KEPA,3.87,17418.9
2017,PROVINSI DKI JAKARTA,JAKARTA BARAT,KEBON JERUK,KEDOYA UTARA,3.15,16286.3
2017,PROVINSI DKI JAKARTA,JAKARTA BARAT,KEBON JERUK,KEDOYA SELATAN,2.28,15812.98
2017,PROVINSI DKI JAKARTA,JAKARTA BARAT,KALI DERES,KALIDERES,5.71,14079.85
2017,PROVINSI DKI JAKARTA,JAKARTA BARAT,KALI DERES,SEMANAN,5.98,13347.49
2017,PROVINSI DKI JAKARTA,JAKARTA BARAT,KALI DERES,TEGAL ALUR,4.97,18852.81
2017,PROVINSI DKI JAKARTA,JAKARTA BARAT,KALI DERES,KAMAL,4.9,11859.18
2017,PROVINSI DKI JAKARTA,JAKARTA BARAT,KALI DERES,PEGADUNGAN,8.67,931.45
2017,PROVINSI DKI JAKARTA,JAKARTA BARAT,PALMERAH,PALMERAH,2.33,30677.68
2017,PROVINSI DKI JAKARTA,JAKARTA BARAT,PALMERAH,SLIPI,0.97,1973.3
2017,PROVINSI DKI JAKARTA,JAKARTA BARAT,PALMERAH,KOTA BAMBU UTARA,0.64,46141.87
2017,PROVINSI DKI JAKARTA,JAKARTA BARAT,PALMERAH,JATI PULO,0.88,38276.26
2017,PROVINSI DKI JAKARTA,JAKARTA BARAT,PALMERAH,KEMANGGISAN,2.11,1756.71
2017,PROVINSI DKI JAKARTA,JAKARTA BARAT,PALMERAH,KOTA BAMBU SELATAN,0.58,43405.11
2017,PROVINSI DKI JAKARTA,JAKARTA BARAT,KEMBANGAN,KEMBANGAN UTARA,3.65,16624.94
2017,PROVINSI DKI JAKARTA,JAKARTA BARAT,KEMBANGAN,MERUYA UTARA,4.33,11264.78
2017,PROVINSI DKI JAKARTA,JAKARTA BARAT,KEMBANGAN,MERUYA SELATAN,2.8,12593.21
2017,PROVINSI DKI JAKARTA,JAKARTA BARAT,KEMBANGAN,SRENGSENG,4.92,10159.48
2017,PROVINSI DKI JAKARTA,JAKARTA BARAT,KEMBANGAN,JOGLO,4.86,9337.93
2017,PROVINSI DKI JAKARTA,JAKARTA BARAT,KEMBANGAN,KEMBANGAN SELATAN,3.61,8276.43
2017,PROVINSI DKI JAKARTA,JAKARTA SELATAN,TEBET,TEBET TIMUR,1.39,15143.27
2017,PROVINSI DKI JAKARTA,JAKARTA SELATAN,TEBET,TEBET BARAT,1.72,14333.33
2017,PROVINSI DKI JAKARTA,JAKARTA SELATAN,TEBET,MENTENG DALAM,2.1,20403.81
2017,PROVINSI DKI JAKARTA,JAKARTA SELATAN,TEBET,KEBON BARU,1.29,32351.3
2017,PROVINSI DKI JAKARTA,JAKARTA SELATAN,TEBET,BUKIT DURI,1.07,38779.55
2017,PROVINSI DKI JAKARTA,JAKARTA SELATAN,TEBET,MANGGARAI SELATAN,0.51,52979.96
2017,PROVINSI DKI JAKARTA,JAKARTA SELATAN,TEBET,MANGGARAI,0.95,35883.53
2017,PROVINSI DKI JAKARTA,JAKARTA SELATAN,SETIA BUDI,SETIA BUDI,0.74,4812.1
2017,PROVINSI DKI JAKARTA,JAKARTA SELATAN,SETIA BUDI,KARET SEMANGGI,0.9,3383.45
2017,PROVINSI DKI JAKARTA,JAKARTA SELATAN,SETIA BUDI,KARET KUNINGAN,1.79,10468.98
2017,PROVINSI DKI JAKARTA,JAKARTA SELATAN,SETIA BUDI,KARET,0.94,12348.61
2017,PROVINSI DKI JAKARTA,JAKARTA SELATAN,SETIA BUDI,MENTENG ATAS,0.9,36179.2
2017,PROVINSI DKI JAKARTA,JAKARTA SELATAN,SETIA BUDI,PASAR MANGGIS,0.78,40726.92
2017,PROVINSI DKI JAKARTA,JAKARTA SELATAN,SETIA BUDI,GUNTUR,0.66,7004.85
2017,PROVINSI DKI JAKARTA,JAKARTA SELATAN,SETIA BUDI,KUNINGAN TIMUR,2.15,33.42
2017,PROVINSI DKI JAKARTA,JAKARTA SELATAN,MAMPANG PRAPATAN,MAMPANG PRAPATAN,0.78,28114.54
2017,PROVINSI DKI JAKARTA,JAKARTA SELATAN,MAMPANG PRAPATAN,BANGKA,3.3,7657.66
2017,PROVINSI DKI JAKARTA,JAKARTA SELATAN,MAMPANG PRAPATAN,PELA MAMPANG,1.62,31622.72
2017,PROVINSI DKI JAKARTA,JAKARTA SELATAN,MAMPANG PRAPATAN,TEGAL PARANG,1.06,36156.25
2017,PROVINSI DKI JAKARTA,JAKARTA SELATAN,MAMPANG PRAPATAN,KUNINGAN BARAT,0.98,1564.8
2017,PROVINSI DKI JAKARTA,JAKARTA SELATAN,PASAR MINGGU,PASAR MINGGU,2.79,10221.46
2017,PROVINSI DKI JAKARTA,JAKARTA SELATAN,PASAR MINGGU,JATI PADANG,2.5,17251.47
2017,PROVINSI DKI JAKARTA,JAKARTA SELATAN,PASAR MINGGU,CILANDAK TIMUR,3.53,8181.53
2017,PROVINSI DKI JAKARTA,JAKARTA SELATAN,PASAR MINGGU,RAGUNAN,5.05,8986.61
2017,PROVINSI DKI JAKARTA,JAKARTA SELATAN,PASAR MINGGU,PEJATEN TIMUR,2.68,25047.23
2017,PROVINSI DKI JAKARTA,JAKARTA SELATAN,PASAR MINGGU,PEJATEN BARAT,2.9,14758.96
2017,PROVINSI DKI JAKARTA,JAKARTA SELATAN,PASAR MINGGU,KEBAGUSAN,2.26,22191.59
2017,PROVINSI DKI JAKARTA,JAKARTA SELATAN,KEBAYORAN LAMA,KEBAYORAN LAMA UTARA,1.78,27755.58
2017,PROVINSI DKI JAKARTA,JAKARTA SELATAN,KEBAYORAN LAMA,PONDOK PINANG,6.84,931.38
2017,PROVINSI DKI JAKARTA,JAKARTA SELATAN,KEBAYORAN LAMA,CIPULIR,1.93,23622.35
2017,PROVINSI DKI JAKARTA,JAKARTA SELATAN,KEBAYORAN LAMA,GROGOL UTARA,3.33,14999.1
2017,PROVINSI DKI JAKARTA,JAKARTA SELATAN,KEBAYORAN LAMA,GROGOL SELATAN,0.29,177591.62
2017,PROVINSI DKI JAKARTA,JAKARTA SELATAN,KEBAYORAN LAMA,KEBAYORAN LAMA SELATAN,2.57,18346.94
2017,PROVINSI DKI JAKARTA,JAKARTA SELATAN,CILANDAK,CILANDAK BARAT,6.05,9754.71
2017,PROVINSI DKI JAKARTA,JAKARTA SELATAN,CILANDAK,LEBAK BULUS,4.11,10111.8
2017,PROVINSI DKI JAKARTA,JAKARTA SELATAN,CILANDAK,PONDOK LABU,3.91,13166.2
2017,PROVINSI DKI JAKARTA,JAKARTA SELATAN,CILANDAK,GANDARIA SELATAN,1.77,14276.27
2017,PROVINSI DKI JAKARTA,JAKARTA SELATAN,CILANDAK,CIPETE SELATAN,2.32,13419.89
2017,PROVINSI DKI JAKARTA,JAKARTA SELATAN,KEBAYORAN BARU,MELAWAI,1.25,2578.17
2017,PROVINSI DKI JAKARTA,JAKARTA SELATAN,KEBAYORAN BARU,GUNUNG,1.32,811.36
2017,PROVINSI DKI JAKARTA,JAKARTA SELATAN,KEBAYORAN BARU,KRAMAT PELA,1.25,13387.45
2017,PROVINSI DKI JAKARTA,JAKARTA SELATAN,KEBAYORAN BARU,SELONG,1.4,2462.86
2017,PROVINSI DKI JAKARTA,JAKARTA SELATAN,KEBAYORAN BARU,RAWA BARAT,0.69,9351.53
2017,PROVINSI DKI JAKARTA,JAKARTA SELATAN,KEBAYORAN BARU,SENAYAN,1.53,2339.65
2017,PROVINSI DKI JAKARTA,JAKARTA SELATAN,KEBAYORAN BARU,PULO,1.27,535.95
2017,PROVINSI DKI JAKARTA,JAKARTA SELATAN,KEBAYORAN BARU,PETOGOGAN,0.86,1575.64
2017,PROVINSI DKI JAKARTA,JAKARTA SELATAN,KEBAYORAN BARU,GANDARIA UTARA,1.52,30067.7
2017,PROVINSI DKI JAKARTA,JAKARTA SELATAN,KEBAYORAN BARU,CIPETE UTARA,1.83,21639.45
2017,PROVINSI DKI JAKARTA,JAKARTA SELATAN,PANCORAN,PANCORAN,1.22,18322.66
2017,PROVINSI DKI JAKARTA,JAKARTA SELATAN,PANCORAN,KALIBATA,2.29,21174.98
2017,PROVINSI DKI JAKARTA,JAKARTA SELATAN,PANCORAN,RAWA JATI,1.44,154
2017,PROVINSI DKI JAKARTA,JAKARTA SELATAN,PANCORAN,DUREN TIGA,1.92,16882.2
2017,PROVINSI DKI JAKARTA,JAKARTA SELATAN,PANCORAN,PENGADEGAN,0.94,25415.69
2017,PROVINSI DKI JAKARTA,JAKARTA SELATAN,PANCORAN,CIKOKO,0.72,17652.39
2017,PROVINSI DKI JAKARTA,JAKARTA SELATAN,JAGAKARSA,JAGAKARSA,4.85,14118.14
2017,PROVINSI DKI JAKARTA,JAKARTA SELATAN,JAGAKARSA,SRENGSENG SAWAH,6.75,9534.31
2017,PROVINSI DKI JAKARTA,JAKARTA SELATAN,JAGAKARSA,CIGANJUR,3.38,12245.56
2017,PROVINSI DKI JAKARTA,JAKARTA SELATAN,JAGAKARSA,LENTENG AGUNG,2.28,26556.16
2017,PROVINSI DKI JAKARTA,JAKARTA SELATAN,JAGAKARSA,TANJUNG BARAT,3.65,12294.59
2017,PROVINSI DKI JAKARTA,JAKARTA SELATAN,JAGAKARSA,CIPEDAK,3.97,10296.69
2017,PROVINSI DKI JAKARTA,JAKARTA SELATAN,PESANGGRAHAN,PESANGGRAHAN,2.1,1493.8
2017,PROVINSI DKI JAKARTA,JAKARTA SELATAN,PESANGGRAHAN,BINTARO,4.56,12983.53
2017,PROVINSI DKI JAKARTA,JAKARTA SELATAN,PESANGGRAHAN,PETUKANGAN UTARA,2.99,20305.44
2017,PROVINSI DKI JAKARTA,JAKARTA SELATAN,PESANGGRAHAN,PETUKANGAN SELATAN,2.1,19786.76
2017,PROVINSI DKI JAKARTA,JAKARTA SELATAN,PESANGGRAHAN,ULUJAMI,1.71,27366.57
2017,PROVINSI DKI JAKARTA,JAKARTA TIMUR,MATRAMAN,PISANGAN BARU,0.68,5501.36
2017,PROVINSI DKI JAKARTA,JAKARTA TIMUR,MATRAMAN,UTAN KAYU UTARA,1.07,30935.75
2017,PROVINSI DKI JAKARTA,JAKARTA TIMUR,MATRAMAN,KAYU MANIS,0.58,51902.78
2017,PROVINSI DKI JAKARTA,JAKARTA TIMUR,MATRAMAN,PAL MERIAM,0.65,35965.74
2017,PROVINSI DKI JAKARTA,JAKARTA TIMUR,MATRAMAN,KEBON MANGGIS,0.78,24945.66
2017,PROVINSI DKI JAKARTA,JAKARTA TIMUR,MATRAMAN,UTAN KAYU SELATAN,1.12,34699.7
2017,PROVINSI DKI JAKARTA,JAKARTA TIMUR,PULO GADUNG,PULO GADUNG,1.92,20522.1
2017,PROVINSI DKI JAKARTA,JAKARTA TIMUR,PULO GADUNG,PISANGAN TIMUR,1.79,26923.72
2017,PROVINSI DKI JAKARTA,JAKARTA TIMUR,PULO GADUNG,CIPINANG,1.53,30231.37
2017,PROVINSI DKI JAKARTA,JAKARTA TIMUR,PULO GADUNG,JATINEGARA KAUM,1.23,22801.13
2017,PROVINSI DKI JAKARTA,JAKARTA TIMUR,PULO GADUNG,RAWAMANGUN,2.6,16908.11
2017,PROVINSI DKI JAKARTA,JAKARTA TIMUR,PULO GADUNG,KAYU PUTIH,4.37,10734.99
2017,PROVINSI DKI JAKARTA,JAKARTA TIMUR,PULO GADUNG,JATI,2.16,17694.66
2017,PROVINSI DKI JAKARTA,JAKARTA TIMUR,JATINEGARA,KAMPUNG MELAYU,0.48,64267.2
2017,PROVINSI DKI JAKARTA,JAKARTA TIMUR,JATINEGARA,BIDARA CINA,1.26,34444.89
2017,PROVINSI DKI JAKARTA,JAKARTA TIMUR,JATINEGARA,BALI MESTER,0.67,16758.2
2017,PROVINSI DKI JAKARTA,JAKARTA TIMUR,JATINEGARA,RAWA BUNGA,0.88,28889.9
2017,PROVINSI DKI JAKARTA,JAKARTA TIMUR,JATINEGARA,CIPINANG CEMPEDAK,1.29,29496.9
2017,PROVINSI DKI JAKARTA,JAKARTA TIMUR,JATINEGARA,CIPINANG MUARA,2.9,22161.31
2017,PROVINSI DKI JAKARTA,JAKARTA TIMUR,JATINEGARA,CIPINANG BESAR SELATAN,1.63,24888.98
2017,PROVINSI DKI JAKARTA,JAKARTA TIMUR,JATINEGARA,CIPINANG BESAR UTARA,1.15,49507.81
2017,PROVINSI DKI JAKARTA,JAKARTA TIMUR,KRAMAT JATI,KRAMAT JATI,1.52,26109.65
2017,PROVINSI DKI JAKARTA,JAKARTA TIMUR,KRAMAT JATI,KAMPUNG TENGAH,2.03,24908.16
2017,PROVINSI DKI JAKARTA,JAKARTA TIMUR,KRAMAT JATI,DUKUH,1.98,14195.57
2017,PROVINSI DKI JAKARTA,JAKARTA TIMUR,KRAMAT JATI,BATU AMPAR,2.55,21094.79
2017,PROVINSI DKI JAKARTA,JAKARTA TIMUR,KRAMAT JATI,BALE KAMBANG,1.67,19159.75
2017,PROVINSI DKI JAKARTA,JAKARTA TIMUR,KRAMAT JATI,CILILITAN,1.76,26548.46
2017,PROVINSI DKI JAKARTA,JAKARTA TIMUR,KRAMAT JATI,CAWANG,1.79,21712.47
2017,PROVINSI DKI JAKARTA,JAKARTA TIMUR,PASAR REBO,GEDONG,2.63,1551.25
2017,PROVINSI DKI JAKARTA,JAKARTA TIMUR,PASAR REBO,BARU,1.89,14377.2
2017,PROVINSI DKI JAKARTA,JAKARTA TIMUR,PASAR REBO,CIJANTUNG,2.38,19517.56
2017,PROVINSI DKI JAKARTA,JAKARTA TIMUR,PASAR REBO,KALISARI,2.89,16579.37
2017,PROVINSI DKI JAKARTA,JAKARTA TIMUR,PASAR REBO,PEKAYON,3.18,15383.19
2017,PROVINSI DKI JAKARTA,JAKARTA TIMUR,CAKUNG,JATINEGARA,6.6,14699.5
2017,PROVINSI DKI JAKARTA,JAKARTA TIMUR,CAKUNG,RAWA TERATE,3.3,9086.36
2017,PROVINSI DKI JAKARTA,JAKARTA TIMUR,CAKUNG,PENGGILINGAN,4.48,2446.3
2017,PROVINSI DKI JAKARTA,JAKARTA TIMUR,CAKUNG,CAKUNG TIMUR,9.81,6772.83
2017,PROVINSI DKI JAKARTA,JAKARTA TIMUR,CAKUNG,PULO GEBANG,6.92,15267.2
2017,PROVINSI DKI JAKARTA,JAKARTA TIMUR,CAKUNG,UJUNG MENTENG,5.04,6637.79
2017,PROVINSI DKI JAKARTA,JAKARTA TIMUR,CAKUNG,CAKUNG BARAT,6.12,10944.27
2017,PROVINSI DKI JAKARTA,JAKARTA TIMUR,DUREN SAWIT,DUREN SAWIT,4.56,15075.62
2017,PROVINSI DKI JAKARTA,JAKARTA TIMUR,DUREN SAWIT,PONDOK BAMBU,4.9,14155.81
2017,PROVINSI DKI JAKARTA,JAKARTA TIMUR,DUREN SAWIT,KLENDER,3.05,26605.44
2017,PROVINSI DKI JAKARTA,JAKARTA TIMUR,DUREN SAWIT,PONDOK KELAPA,5.72,13815.61
2017,PROVINSI DKI JAKARTA,JAKARTA TIMUR,DUREN SAWIT,MALAKA SARI,1.38,23549.88
2017,PROVINSI DKI JAKARTA,JAKARTA TIMUR,DUREN SAWIT,MALAKA JAYA,0.99,36662.62
2017,PROVINSI DKI JAKARTA,JAKARTA TIMUR,DUREN SAWIT,PONDOK KOPI,2.06,19442.23
2017,PROVINSI DKI JAKARTA,JAKARTA TIMUR,MAKASAR,MAKASAR,1.61,24604.4
2017,PROVINSI DKI JAKARTA,JAKARTA TIMUR,MAKASAR,PINANG RANTI,2.35,12813.95
2017,PROVINSI DKI JAKARTA,JAKARTA TIMUR,MAKASAR,KEBON PALA,2.3,23497.6
2017,PROVINSI DKI JAKARTA,JAKARTA TIMUR,MAKASAR,HALIM PERDANA KUSUMAH,13.07,2694.56
2017,PROVINSI DKI JAKARTA,JAKARTA TIMUR,MAKASAR,CIPINANG MELAYU,2.53,19524.9
2017,PROVINSI DKI JAKARTA,JAKARTA TIMUR,CIRACAS,CIRACAS,3.93,185.62
2017,PROVINSI DKI JAKARTA,JAKARTA TIMUR,CIRACAS,CIBUBUR,4.5,16525.35
2017,PROVINSI DKI JAKARTA,JAKARTA TIMUR,CIRACAS,KELAPA DUA WETAN,3.37,15134.48
2017,PROVINSI DKI JAKARTA,JAKARTA TIMUR,CIRACAS,SUSUKAN,2.19,19548.55
2017,PROVINSI DKI JAKARTA,JAKARTA TIMUR,CIRACAS,RAMBUTAN,2.09,20127.27
2017,PROVINSI DKI JAKARTA,JAKARTA TIMUR,CIPAYUNG,CIPAYUNG,3.09,9501.13
2017,PROVINSI DKI JAKARTA,JAKARTA TIMUR,CIPAYUNG,CILANGKAP,6.04,4926.1
2017,PROVINSI DKI JAKARTA,JAKARTA TIMUR,CIPAYUNG,PONDOK RANGGON,3.66,7427.56
2017,PROVINSI DKI JAKARTA,JAKARTA TIMUR,CIPAYUNG,MUNJUL,1.9,13775.62
2017,PROVINSI DKI JAKARTA,JAKARTA TIMUR,CIPAYUNG,SETU,3.25,6724.59
2017,PROVINSI DKI JAKARTA,JAKARTA TIMUR,CIPAYUNG,BAMBU APUS,3.17,9146.97
2017,PROVINSI DKI JAKARTA,JAKARTA TIMUR,CIPAYUNG,LUBANG BUAYA,3.72,19176.52
2017,PROVINSI DKI JAKARTA,JAKARTA TIMUR,CIPAYUNG,CEGER,3.63,5848.4
,,,,,,22483.45824